Name,E_GWS84,N_GWS84
Ghadarnes,10.87017765053627,29.33045558404068
Jabal_Hasouna_NE,13.02691457203221,27.04259967706877
Jabal_Hasouna_E,14.78252030810302,26.3087617914248
Tazerbo_W,20.54770113222893,24.85372122656326
Tazerbo_E,22.24863642807401,23.77888880680377
Sarir,20.42821681491218,27.47186144942475
Jahgboub,23.89534936883337,29.55479979752885
